[{"text": ["What number of <Z2> <C2> <M2> <S2>s are <R> the <Z> <C> <M> <S>?", "How many <Z2> <C2> <M2> <S2>s are <R> the <Z> <C> <M> <S>?", "There is a <Z> <C> <M> <S>; how many <Z2> <C2> <M2> <S2>s are <R> it?", "There is a <Z> <C> <M> <S>; what number of <Z2> <C2> <M2> <S2>s are <R> it?"], "nodes": [{"inputs": [], "type": "scene"}, {"side_inputs": ["<Z>", "<C>", "<M>", "<S>"], "inputs": [0], "type": "filter_unique"}, {"side_inputs": ["<R>", "<Z2>", "<C2>", "<M2>", "<S2>"], "inputs": [1], "type": "relate_filter_count"}], "params": [{"type": "Size", "name": "<Z>"}, {"type": "Color", "name": "<C>"}, {"type": "Material", "name": "<M>"}, {"type": "Shape", "name": "<S>"}, {"type": "Relation", "name": "<R>"}, {"type": "Size", "name": "<Z2>"}, {"type": "Color", "name": "<C2>"}, {"type": "Material", "name": "<M2>"}, {"type": "Shape", "name": "<S2>"}], "constraints": []}, {"text": ["Are there any <Z2> <C2> <M2> <S2>s <R> the <Z> <C> <M> <S>?", "There is a <Z> <C> <M> <S>; are there any <Z2> <C2> <M2> <S2>s <R> it?"], "nodes": [{"inputs": [], "type": "scene"}, {"side_inputs": ["<Z>", "<C>", "<M>", "<S>"], "inputs": [0], "type": "filter_unique"}, {"side_inputs": ["<R>", "<Z2>", "<C2>", "<M2>", "<S2>"], "inputs": [1], "type": "relate_filter_exist"}], "params": [{"type": "Size", "name": "<Z>"}, {"type": "Color", "name": "<C>"}, {"type": "Material", "name": "<M>"}, {"type": "Shape", "name": "<S>"}, {"type": "Relation", "name": "<R>"}, {"type": "Size", "name": "<Z2>"}, {"type": "Color", "name": "<C2>"}, {"type": "Material", "name": "<M2>"}, {"type": "Shape", "name": "<S2>"}], "constraints": []}, {"text": ["What size is the <Z2> <C2> <M2> <S2> [that is] <R> the <Z> <C> <M> <S>?", "What is the size of the <Z2> <C2> <M2> <S2> [that is] <R> the <Z> <C> <M> <S>?", "How big is the <Z2> <C2> <M2> <S2> [that is] <R> the <Z> <C> <M> <S>?", "There is a <Z2> <C2> <M2> <S2> [that is] <R> the <Z> <C> <M> <S>; what size is it?", "There is a <Z2> <C2> <M2> <S2> [that is] <R> the <Z> <C> <M> <S>; how big is it?", "There is a <Z2> <C2> <M2> <S2> [that is] <R> the <Z> <C> <M> <S>; what is its size?"], "nodes": [{"inputs": [], "type": "scene"}, {"side_inputs": ["<Z>", "<C>", "<M>", "<S>"], "inputs": [0], "type": "filter_unique"}, {"side_inputs": ["<R>", "<Z2>", "<C2>", "<M2>", "<S2>"], "inputs": [1], "type": "relate_filter_unique"}, {"inputs": [2], "type": "query_size"}], "params": [{"type": "Size", "name": "<Z>"}, {"type": "Color", "name": "<C>"}, {"type": "Material", "name": "<M>"}, {"type": "Shape", "name": "<S>"}, {"type": "Relation", "name": "<R>"}, {"type": "Size", "name": "<Z2>"}, {"type": "Color", "name": "<C2>"}, {"type": "Material", "name": "<M2>"}, {"type": "Shape", "name": "<S2>"}], "constraints": [{"params": ["<Z2>"], "type": "NULL"}]}, {"text": ["What color is the <Z2> <C2> <M2> <S2> [that is] <R> the <Z> <C> <M> <S>?", "What is the color of the <Z2> <C2> <M2> <S2> [that is] <R> the <Z> <C> <M> <S>?", "The <Z2> <C2> <M2> <S2> [that is] <R> the <Z> <C> <M> <S> is what color?", "There is a <Z2> <C2> <M2> <S2> [that is] <R> the <Z> <C> <M> <S>; what color is it?", "There is a <Z2> <C2> <M2> <S2> [that is] <R> the <Z> <C> <M> <S>; what is its color?"], "nodes": [{"inputs": [], "type": "scene"}, {"side_inputs": ["<Z>", "<C>", "<M>", "<S>"], "inputs": [0], "type": "filter_unique"}, {"side_inputs": ["<R>", "<Z2>", "<C2>", "<M2>", "<S2>"], "inputs": [1], "type": "relate_filter_unique"}, {"inputs": [2], "type": "query_color"}], "params": [{"type": "Size", "name": "<Z>"}, {"type": "Color", "name": "<C>"}, {"type": "Material", "name": "<M>"}, {"type": "Shape", "name": "<S>"}, {"type": "Relation", "name": "<R>"}, {"type": "Size", "name": "<Z2>"}, {"type": "Color", "name": "<C2>"}, {"type": "Material", "name": "<M2>"}, {"type": "Shape", "name": "<S2>"}], "constraints": [{"params": ["<C2>"], "type": "NULL"}]}, {"text": ["What is the material of the <Z2> <C2> <M2> <S2> [that is] <R> the <Z> <C> <M> <S>?", "What material is the <Z2> <C2> <M2> <S2> [that is] <R> the <Z> <C> <M> <S>?", "What is the <Z2> <C2> <M2> <S2> [that is] <R> the <Z> <C> <M> <S> made of?", "There is a <Z2> <C2> <M2> <S2> [that is] <R> the <Z> <C> <M> <S>; what is its material?", "There is a <Z2> <C2> <M2> <S2> [that is] <R> the <Z> <C> <M> <S>; what material is it?", "There is a <Z2> <C2> <M2> <S2> [that is] <R> the <Z> <C> <M> <S>; what is it made of?"], "nodes": [{"inputs": [], "type": "scene"}, {"side_inputs": ["<Z>", "<C>", "<M>", "<S>"], "inputs": [0], "type": "filter_unique"}, {"side_inputs": ["<R>", "<Z2>", "<C2>", "<M2>", "<S2>"], "inputs": [1], "type": "relate_filter_unique"}, {"inputs": [2], "type": "query_material"}], "params": [{"type": "Size", "name": "<Z>"}, {"type": "Color", "name": "<C>"}, {"type": "Material", "name": "<M>"}, {"type": "Shape", "name": "<S>"}, {"type": "Relation", "name": "<R>"}, {"type": "Size", "name": "<Z2>"}, {"type": "Color", "name": "<C2>"}, {"type": "Material", "name": "<M2>"}, {"type": "Shape", "name": "<S2>"}], "constraints": [{"params": ["<M2>"], "type": "NULL"}]}, {"text": ["What shape is the <Z2> <C2> <M2> <S2> [that is] <R> the <Z> <C> <M> <S>?", "What is the shape of the <Z2> <C2> <M2> <S2> [that is] <R> the <Z> <C> <M> <S>?", "The <Z2> <C2> <M2> <S2> [that is] <R> the <Z> <C> <M> <S> has what shape?", "There is a <Z2> <C2> <M2> <S2> [that is] <R> the <Z> <C> <M> <S>; what is its shape?", "There is a <Z2> <C2> <M2> <S2> [that is] <R> the <Z> <C> <M> <S>; what shape is it?"], "nodes": [{"inputs": [], "type": "scene"}, {"side_inputs": ["<Z>", "<C>", "<M>", "<S>"], "inputs": [0], "type": "filter_unique"}, {"side_inputs": ["<R>", "<Z2>", "<C2>", "<M2>", "<S2>"], "inputs": [1], "type": "relate_filter_unique"}, {"inputs": [2], "type": "query_shape"}], "params": [{"type": "Size", "name": "<Z>"}, {"type": "Color", "name": "<C>"}, {"type": "Material", "name": "<M>"}, {"type": "Shape", "name": "<S>"}, {"type": "Relation", "name": "<R>"}, {"type": "Size", "name": "<Z2>"}, {"type": "Color", "name": "<C2>"}, {"type": "Material", "name": "<M2>"}, {"type": "Shape", "name": "<S2>"}], "constraints": [{"params": ["<S2>"], "type": "NULL"}]}]