[{"text": ["Are there any other things that have the same size as the <Z> <C> <M> <S>?", "Is there anything else that has the same size as the <Z> <C> <M> <S>?", "Is there any other thing that has the same size as the <Z> <C> <M> <S>?", "Are there any other things that are the same size as the <Z> <C> <M> <S>?", "Is there anything else that is the same size as the <Z> <C> <M> <S>?", "Is there any other thing that is the same size as the <Z> <C> <M> <S>?"], "nodes": [{"inputs": [], "type": "scene"}, {"side_inputs": ["<Z>", "<C>", "<M>", "<S>"], "inputs": [0], "type": "filter_unique"}, {"inputs": [1], "type": "same_size"}, {"inputs": [2], "type": "exist"}], "params": [{"type": "Size", "name": "<Z>"}, {"type": "Color", "name": "<C>"}, {"type": "Material", "name": "<M>"}, {"type": "Shape", "name": "<S>"}], "constraints": [{"params": ["<Z>"], "type": "NULL"}]}, {"text": ["Are there any other things that have the same color as the <Z> <C> <M> <S>?", "Is there anything else that has the same color as the <Z> <C> <M> <S>?", "Is there any other thing that has the same color as the <Z> <C> <M> <S>?", "Are there any other things that are the same color as the <Z> <C> <M> <S>?", "Is there anything else that is the same color as the <Z> <C> <M> <S>?", "Is there any other thing that is the same color as the <Z> <C> <M> <S>?", "Are there any other things of the same color as the <Z> <C> <M> <S>?", "Is there anything else of the same color as the <Z> <C> <M> <S>?", "Is there any other thing of the same color as the <Z> <C> <M> <S>?"], "nodes": [{"inputs": [], "type": "scene"}, {"side_inputs": ["<Z>", "<C>", "<M>", "<S>"], "inputs": [0], "type": "filter_unique"}, {"inputs": [1], "type": "same_color"}, {"inputs": [2], "type": "exist"}], "params": [{"type": "Size", "name": "<Z>"}, {"type": "Color", "name": "<C>"}, {"type": "Material", "name": "<M>"}, {"type": "Shape", "name": "<S>"}], "constraints": [{"params": ["<C>"], "type": "NULL"}]}, {"text": ["Are there any other things that have the same material as the <Z> <C> <M> <S>?", "Is there anything else that has the same material as the <Z> <C> <M> <S>?", "Is there any other thing that has the same material as the <Z> <C> <M> <S>?", "Are there any other things that are [made of] the same material as the <Z> <C> <M> <S>?", "Is there anything else that is [made of] the same material as the <Z> <C> <M> <S>?", "Is there any other thing that is [made of] the same material as the <Z> <C> <M> <S>?"], "nodes": [{"inputs": [], "type": "scene"}, {"side_inputs": ["<Z>", "<C>", "<M>", "<S>"], "inputs": [0], "type": "filter_unique"}, {"inputs": [1], "type": "same_material"}, {"inputs": [2], "type": "exist"}], "params": [{"type": "Size", "name": "<Z>"}, {"type": "Color", "name": "<C>"}, {"type": "Material", "name": "<M>"}, {"type": "Shape", "name": "<S>"}], "constraints": [{"params": ["<M>"], "type": "NULL"}]}, {"text": ["Are there any other things that have the same shape as the <Z> <C> <M> <S>?", "Is there anything else that has the same shape as the <Z> <C> <M> <S>?", "Is there any other thing that has the same shape as the <Z> <C> <M> <S>?", "Are there any other things that are the same shape as the <Z> <C> <M> <S>?", "Is there anything else that is the same shape as the <Z> <C> <M> <S>?", "Is there any other thing that is the same shape as the <Z> <C> <M> <S>?"], "nodes": [{"inputs": [], "type": "scene"}, {"side_inputs": ["<Z>", "<C>", "<M>", "<S>"], "inputs": [0], "type": "filter_unique"}, {"inputs": [1], "type": "same_shape"}, {"inputs": [2], "type": "exist"}], "params": [{"type": "Size", "name": "<Z>"}, {"type": "Color", "name": "<C>"}, {"type": "Material", "name": "<M>"}, {"type": "Shape", "name": "<S>"}], "constraints": [{"params": ["<S>"], "type": "NULL"}]}, {"text": ["How many other things are the same size as the <Z> <C> <M> <S>?", "What number of other things are the same size as the <Z> <C> <M> <S>?", "How many other things are there of the same size as the <Z> <C> <M> <S>?", "What number of other things are there of the same size as the <Z> <C> <M> <S>?", "How many other objects are the same size as the <Z> <C> <M> <S>?", "What number of other objects are the same size as the <Z> <C> <M> <S>?", "How many other objects are there of the same size as the <Z> <C> <M> <S>?", "What number of other objects are there of the same size as the <Z> <C> <M> <S>?"], "nodes": [{"inputs": [], "type": "scene"}, {"side_inputs": ["<Z>", "<C>", "<M>", "<S>"], "inputs": [0], "type": "filter_unique"}, {"inputs": [1], "type": "same_size"}, {"inputs": [2], "type": "count"}], "params": [{"type": "Size", "name": "<Z>"}, {"type": "Color", "name": "<C>"}, {"type": "Material", "name": "<M>"}, {"type": "Shape", "name": "<S>"}], "constraints": [{"params": ["<Z>"], "type": "NULL"}]}, {"text": ["How many other things are the same color as the <Z> <C> <M> <S>?", "What number of other things are the same color as the <Z> <C> <M> <S>?", "How many other things are there of the same color as the <Z> <C> <M> <S>?", "What number of other things are there of the same color as the <Z> <C> <M> <S>?", "How many other objects are the same color as the <Z> <C> <M> <S>?", "What number of other objects are the same color as the <Z> <C> <M> <S>?", "How many other objects are there of the same color as the <Z> <C> <M> <S>?", "What number of other objects are there of the same color as the <Z> <C> <M> <S>?"], "nodes": [{"inputs": [], "type": "scene"}, {"side_inputs": ["<Z>", "<C>", "<M>", "<S>"], "inputs": [0], "type": "filter_unique"}, {"inputs": [1], "type": "same_color"}, {"inputs": [2], "type": "count"}], "params": [{"type": "Size", "name": "<Z>"}, {"type": "Color", "name": "<C>"}, {"type": "Material", "name": "<M>"}, {"type": "Shape", "name": "<S>"}], "constraints": [{"params": ["<C>"], "type": "NULL"}]}, {"text": ["What number of other things are [made of] the same material as the <Z> <C> <M> <S>?", "How many other things are [made of] the same material as the <Z> <C> <M> <S>?", "How many other things are there of the same material as the <Z> <C> <M> <S>?", "What number of other things are there of the same material as the <Z> <C> <M> <S>", "How many other objects are the same material as the <Z> <C> <M> <S>?", "What number of other objects are the same material as the <Z> <C> <M> <S>?", "How many other objects are there of the same material as the <Z> <C> <M> <S>?", "What number of other objects are there of the same material as the <Z> <C> <M> <S>?"], "nodes": [{"inputs": [], "type": "scene"}, {"side_inputs": ["<Z>", "<C>", "<M>", "<S>"], "inputs": [0], "type": "filter_unique"}, {"inputs": [1], "type": "same_material"}, {"inputs": [2], "type": "count"}], "params": [{"type": "Size", "name": "<Z>"}, {"type": "Color", "name": "<C>"}, {"type": "Material", "name": "<M>"}, {"type": "Shape", "name": "<S>"}], "constraints": [{"params": ["<M>"], "type": "NULL"}]}, {"text": ["How many other things are the same shape as the <Z> <C> <M> <S>?", "What number of other things are the same shape as the <Z> <C> <M> <S>?", "How many other things are there of the same shape as the <Z> <C> <M> <S>?", "What number of other things are there of the same shape as the <Z> <C> <M> <S>?", "How many other objects are the same shape as the <Z> <C> <M> <S>?", "What number of other objects are the same shape as the <Z> <C> <M> <S>?", "How many other objects are there of the same shape as the <Z> <C> <M> <S>?", "What number of other objects are there of the same shape as the <Z> <C> <M> <S>?"], "nodes": [{"inputs": [], "type": "scene"}, {"side_inputs": ["<Z>", "<C>", "<M>", "<S>"], "inputs": [0], "type": "filter_unique"}, {"inputs": [1], "type": "same_shape"}, {"inputs": [2], "type": "count"}], "params": [{"type": "Size", "name": "<Z>"}, {"type": "Color", "name": "<C>"}, {"type": "Material", "name": "<M>"}, {"type": "Shape", "name": "<S>"}], "constraints": [{"params": ["<S>"], "type": "NULL"}]}, {"text": ["Are there any other <Z2> <C2> <M2> <S2>s that have the same size as the <Z> <C> <M> <S>?", "Is there another <Z2> <C2> <M2> <S2> that has the same size as the <Z> <C> <M> <S>?", "Are there any other <Z2> <C2> <M2> <S2>s of the same size as the <Z> <C> <M> <S>?", "Is there another <Z2> <C2> <M2> <S2> of the same size as the <Z> <C> <M> <S>?"], "nodes": [{"inputs": [], "type": "scene"}, {"side_inputs": ["<Z>", "<C>", "<M>", "<S>"], "inputs": [0], "type": "filter_unique"}, {"inputs": [1], "type": "same_size"}, {"side_inputs": ["<Z2>", "<C2>", "<M2>", "<S2>"], "inputs": [2], "type": "filter_exist"}], "params": [{"type": "Size", "name": "<Z>"}, {"type": "Color", "name": "<C>"}, {"type": "Material", "name": "<M>"}, {"type": "Shape", "name": "<S>"}, {"type": "Size", "name": "<Z2>"}, {"type": "Color", "name": "<C2>"}, {"type": "Material", "name": "<M2>"}, {"type": "Shape", "name": "<S2>"}], "constraints": [{"params": ["<Z>"], "type": "NULL"}, {"params": ["<Z2>"], "type": "NULL"}]}, {"text": ["Are there any other <Z2> <C2> <M2> <S2>s that have the same color as the <Z> <C> <M> <S>?", "Is there another <Z2> <C2> <M2> <S2> that has the same color as the <Z> <C> <M> <S>?", "Are there any other <Z2> <C2> <M2> <S2>s of the same color as the <Z> <C> <M> <S>?", "Is there another <Z2> <C2> <M2> <S2> of the same color as the <Z> <C> <M> <S>?"], "nodes": [{"inputs": [], "type": "scene"}, {"side_inputs": ["<Z>", "<C>", "<M>", "<S>"], "inputs": [0], "type": "filter_unique"}, {"inputs": [1], "type": "same_color"}, {"side_inputs": ["<Z2>", "<C2>", "<M2>", "<S2>"], "inputs": [2], "type": "filter_exist"}], "params": [{"type": "Size", "name": "<Z>"}, {"type": "Color", "name": "<C>"}, {"type": "Material", "name": "<M>"}, {"type": "Shape", "name": "<S>"}, {"type": "Size", "name": "<Z2>"}, {"type": "Color", "name": "<C2>"}, {"type": "Material", "name": "<M2>"}, {"type": "Shape", "name": "<S2>"}], "constraints": [{"params": ["<C>"], "type": "NULL"}, {"params": ["<C2>"], "type": "NULL"}]}, {"text": ["Are there any other <Z2> <C2> <M2> <S2>s that have the same material as the <Z> <C> <M> <S>?", "Is there another <Z2> <C2> <M2> <S2> that has the same material as the <Z> <C> <M> <S>?", "Are there any other <Z2> <C2> <M2> <S2>s made of the same material as the <Z> <C> <M> <S>?", "Is there another <Z2> <C2> <M2> <S2> made of the same material as the <Z> <C> <M> <S>?"], "nodes": [{"inputs": [], "type": "scene"}, {"side_inputs": ["<Z>", "<C>", "<M>", "<S>"], "inputs": [0], "type": "filter_unique"}, {"inputs": [1], "type": "same_material"}, {"side_inputs": ["<Z2>", "<C2>", "<M2>", "<S2>"], "inputs": [2], "type": "filter_exist"}], "params": [{"type": "Size", "name": "<Z>"}, {"type": "Color", "name": "<C>"}, {"type": "Material", "name": "<M>"}, {"type": "Shape", "name": "<S>"}, {"type": "Size", "name": "<Z2>"}, {"type": "Color", "name": "<C2>"}, {"type": "Material", "name": "<M2>"}, {"type": "Shape", "name": "<S2>"}], "constraints": [{"params": ["<M>"], "type": "NULL"}, {"params": ["<M2>"], "type": "NULL"}]}, {"text": ["Are there any other <Z2> <C2> <M2> <S2>s that have the same shape as the <Z> <C> <M> <S>?", "Is there another <Z2> <C2> <M2> <S2> that has the same shape as the <Z> <C> <M> <S>?", "Are there any other <Z2> <C2> <M2> <S2>s of the same shape as the <Z> <C> <M> <S>?", "Is there another <Z2> <C2> <M2> <S2> of the same shape as the <Z> <C> <M> <S>?"], "nodes": [{"inputs": [], "type": "scene"}, {"side_inputs": ["<Z>", "<C>", "<M>", "<S>"], "inputs": [0], "type": "filter_unique"}, {"inputs": [1], "type": "same_shape"}, {"side_inputs": ["<Z2>", "<C2>", "<M2>", "<S2>"], "inputs": [2], "type": "filter_exist"}], "params": [{"type": "Size", "name": "<Z>"}, {"type": "Color", "name": "<C>"}, {"type": "Material", "name": "<M>"}, {"type": "Shape", "name": "<S>"}, {"type": "Size", "name": "<Z2>"}, {"type": "Color", "name": "<C2>"}, {"type": "Material", "name": "<M2>"}, {"type": "Shape", "name": "<S2>"}], "constraints": [{"params": ["<S>"], "type": "NULL"}, {"params": ["<S2>"], "type": "NULL"}]}, {"text": ["How many other <Z2> <C2> <M2> <S2>s have the same size as the <Z> <C> <M> <S>?", "How many other <Z2> <C2> <M2> <S2>s are the same size as the <Z> <C> <M> <S>?", "What number of other <Z2> <C2> <M2> <S2>s have the same size as the <Z> <C> <M> <S>?", "What number of other <Z2> <C2> <M2> <S2>s are the same size as the <Z> <C> <M> <S>?"], "nodes": [{"inputs": [], "type": "scene"}, {"side_inputs": ["<Z>", "<C>", "<M>", "<S>"], "inputs": [0], "type": "filter_unique"}, {"inputs": [1], "type": "same_size"}, {"side_inputs": ["<Z2>", "<C2>", "<M2>", "<S2>"], "inputs": [2], "type": "filter_count"}], "params": [{"type": "Size", "name": "<Z>"}, {"type": "Color", "name": "<C>"}, {"type": "Material", "name": "<M>"}, {"type": "Shape", "name": "<S>"}, {"type": "Size", "name": "<Z2>"}, {"type": "Color", "name": "<C2>"}, {"type": "Material", "name": "<M2>"}, {"type": "Shape", "name": "<S2>"}], "constraints": [{"params": ["<Z>"], "type": "NULL"}, {"params": ["<Z2>"], "type": "NULL"}]}, {"text": ["How many other <Z2> <C2> <M2> <S2>s have the same color as the <Z> <C> <M> <S>?", "How many other <Z2> <C2> <M2> <S2>s are the same color as the <Z> <C> <M> <S>?", "What number of other <Z2> <C2> <M2> <S2>s have the same color as the <Z> <C> <M> <S>?", "What number of other <Z2> <C2> <M2> <S2>s are the same color as the <Z> <C> <M> <S>?"], "nodes": [{"inputs": [], "type": "scene"}, {"side_inputs": ["<Z>", "<C>", "<M>", "<S>"], "inputs": [0], "type": "filter_unique"}, {"inputs": [1], "type": "same_color"}, {"side_inputs": ["<Z2>", "<C2>", "<M2>", "<S2>"], "inputs": [2], "type": "filter_count"}], "params": [{"type": "Size", "name": "<Z>"}, {"type": "Color", "name": "<C>"}, {"type": "Material", "name": "<M>"}, {"type": "Shape", "name": "<S>"}, {"type": "Size", "name": "<Z2>"}, {"type": "Color", "name": "<C2>"}, {"type": "Material", "name": "<M2>"}, {"type": "Shape", "name": "<S2>"}], "constraints": [{"params": ["<C>"], "type": "NULL"}, {"params": ["<C2>"], "type": "NULL"}]}, {"text": ["How many other <Z2> <C2> <M2> <S2>s have the same material as the <Z> <C> <M> <S>?", "What number of other <Z2> <C2> <M2> <S2>s have the same material as the <Z> <C> <M> <S>?", "What number of other <Z2> <C2> <M2> <S2>s are [made of] the same material as the <Z> <C> <M> <S>?", "How many other <Z2> <C2> <M2> <S2>s are [made of] the same material as the <Z> <C> <M> <S>?"], "nodes": [{"inputs": [], "type": "scene"}, {"side_inputs": ["<Z>", "<C>", "<M>", "<S>"], "inputs": [0], "type": "filter_unique"}, {"inputs": [1], "type": "same_material"}, {"side_inputs": ["<Z2>", "<C2>", "<M2>", "<S2>"], "inputs": [2], "type": "filter_count"}], "params": [{"type": "Size", "name": "<Z>"}, {"type": "Color", "name": "<C>"}, {"type": "Material", "name": "<M>"}, {"type": "Shape", "name": "<S>"}, {"type": "Size", "name": "<Z2>"}, {"type": "Color", "name": "<C2>"}, {"type": "Material", "name": "<M2>"}, {"type": "Shape", "name": "<S2>"}], "constraints": [{"params": ["<M>"], "type": "NULL"}, {"params": ["<M2>"], "type": "NULL"}]}, {"text": ["How many other <Z2> <C2> <M2> <S2>s have the same shape as the <Z> <C> <M> <S>?", "What number of other <Z2> <C2> <M2> <S2>s have the same shape as the <Z> <C> <M> <S>?", "What number of other <Z2> <C2> <M2> <S2>s are the same shape as the <Z> <C> <M> <S>?", "How many other <Z2> <C2> <M2> <S2>s are the same shape as the <Z> <C> <M> <S>?"], "nodes": [{"inputs": [], "type": "scene"}, {"side_inputs": ["<Z>", "<C>", "<M>", "<S>"], "inputs": [0], "type": "filter_unique"}, {"inputs": [1], "type": "same_shape"}, {"side_inputs": ["<Z2>", "<C2>", "<M2>", "<S2>"], "inputs": [2], "type": "filter_count"}], "params": [{"type": "Size", "name": "<Z>"}, {"type": "Color", "name": "<C>"}, {"type": "Material", "name": "<M>"}, {"type": "Shape", "name": "<S>"}, {"type": "Size", "name": "<Z2>"}, {"type": "Color", "name": "<C2>"}, {"type": "Material", "name": "<M2>"}, {"type": "Shape", "name": "<S2>"}], "constraints": [{"params": ["<S>"], "type": "NULL"}, {"params": ["<S2>"], "type": "NULL"}]}, {"text": ["What color is the other <Z2> <C2> <M2> <S2> that is the same size as the <Z> <C> <M> <S>?", "What is the color of the other <Z2> <C2> <M2> <S2> that is the same size as the <Z> <C> <M> <S>?", "The other <Z2> <C2> <M2> <S2> that is the same size as the <Z> <C> <M> <S> is what color?", "There is another <Z2> <C2> <M2> <S2> that is the same size as the <Z> <C> <M> <S>; what color is it?", "There is another <Z2> <C2> <M2> <S2> that is the same size as the <Z> <C> <M> <S>; what is its color?"], "nodes": [{"inputs": [], "type": "scene"}, {"side_inputs": ["<Z>", "<C>", "<M>", "<S>"], "inputs": [0], "type": "filter_unique"}, {"inputs": [1], "type": "same_size"}, {"side_inputs": ["<Z2>", "<C2>", "<M2>", "<S2>"], "inputs": [2], "type": "filter_unique"}, {"inputs": [3], "type": "query_color"}], "params": [{"type": "Size", "name": "<Z>"}, {"type": "Color", "name": "<C>"}, {"type": "Material", "name": "<M>"}, {"type": "Shape", "name": "<S>"}, {"type": "Size", "name": "<Z2>"}, {"type": "Color", "name": "<C2>"}, {"type": "Material", "name": "<M2>"}, {"type": "Shape", "name": "<S2>"}], "constraints": [{"params": ["<Z>"], "type": "NULL"}, {"params": ["<Z2>"], "type": "NULL"}, {"params": ["<C2>"], "type": "NULL"}]}, {"text": ["What material is the other <Z2> <C2> <M2> <S2> that is the same size as the <Z> <C> <M> <S>?", "What is the material of the other <Z2> <C2> <M2> <S2> that is the same size as the <Z> <C> <M> <S>?", "There is another <Z2> <C2> <M2> <S2> that is the same size as the <Z> <C> <M> <S>; what material is it?", "There is another <Z2> <C2> <M2> <S2> that is the same size as the <Z> <C> <M> <S>; what is its material?", "There is another <Z2> <C2> <M2> <S2> that is the same size as the <Z> <C> <M> <S>; what is it made of?"], "nodes": [{"inputs": [], "type": "scene"}, {"side_inputs": ["<Z>", "<C>", "<M>", "<S>"], "inputs": [0], "type": "filter_unique"}, {"inputs": [1], "type": "same_size"}, {"side_inputs": ["<Z2>", "<C2>", "<M2>", "<S2>"], "inputs": [2], "type": "filter_unique"}, {"inputs": [3], "type": "query_material"}], "params": [{"type": "Size", "name": "<Z>"}, {"type": "Color", "name": "<C>"}, {"type": "Material", "name": "<M>"}, {"type": "Shape", "name": "<S>"}, {"type": "Size", "name": "<Z2>"}, {"type": "Color", "name": "<C2>"}, {"type": "Material", "name": "<M2>"}, {"type": "Shape", "name": "<S2>"}], "constraints": [{"params": ["<Z>"], "type": "NULL"}, {"params": ["<Z2>"], "type": "NULL"}, {"params": ["<M2>"], "type": "NULL"}]}, {"text": ["What shape is the other <Z2> <C2> <M2> <S2> that is the same size as the <Z> <C> <M> <S>?", "What is the shape of the other <Z2> <C2> <M2> <S2> that is the same size as the <Z> <C> <M> <S>?", "The other <Z2> <C2> <M2> <S2> that is the same size as the <Z> <C> <M> <S> is what shape?", "There is another <Z2> <C2> <M2> <S2> that is the same size as the <Z> <C> <M> <S>; what shape is it?", "There is another <Z2> <C2> <M2> <S2> that is the same size as the <Z> <C> <M> <S>; what is its shape?"], "nodes": [{"inputs": [], "type": "scene"}, {"side_inputs": ["<Z>", "<C>", "<M>", "<S>"], "inputs": [0], "type": "filter_unique"}, {"inputs": [1], "type": "same_size"}, {"side_inputs": ["<Z2>", "<C2>", "<M2>", "<S2>"], "inputs": [2], "type": "filter_unique"}, {"inputs": [3], "type": "query_shape"}], "params": [{"type": "Size", "name": "<Z>"}, {"type": "Color", "name": "<C>"}, {"type": "Material", "name": "<M>"}, {"type": "Shape", "name": "<S>"}, {"type": "Size", "name": "<Z2>"}, {"type": "Color", "name": "<C2>"}, {"type": "Material", "name": "<M2>"}, {"type": "Shape", "name": "<S2>"}], "constraints": [{"params": ["<Z>"], "type": "NULL"}, {"params": ["<Z2>"], "type": "NULL"}, {"params": ["<S2>"], "type": "NULL"}]}, {"text": ["What size is the other <Z2> <C2> <M2> <S2> that is the same color as the <Z> <C> <M> <S>?", "What is the size of the other <Z2> <C2> <M2> <S2> that is the same color as the <Z> <C> <M> <S>?", "The other <Z2> <C2> <M2> <S2> that is the same color as the <Z> <C> <M> <S> is what size?", "There is another <Z2> <C2> <M2> <S2> that is the same color as the <Z> <C> <M> <S>; what size is it?", "There is another <Z2> <C2> <M2> <S2> that is the same color as the <Z> <C> <M> <S>; what is its size?"], "nodes": [{"inputs": [], "type": "scene"}, {"side_inputs": ["<Z>", "<C>", "<M>", "<S>"], "inputs": [0], "type": "filter_unique"}, {"inputs": [1], "type": "same_color"}, {"side_inputs": ["<Z2>", "<C2>", "<M2>", "<S2>"], "inputs": [2], "type": "filter_unique"}, {"inputs": [3], "type": "query_size"}], "params": [{"type": "Size", "name": "<Z>"}, {"type": "Color", "name": "<C>"}, {"type": "Material", "name": "<M>"}, {"type": "Shape", "name": "<S>"}, {"type": "Size", "name": "<Z2>"}, {"type": "Color", "name": "<C2>"}, {"type": "Material", "name": "<M2>"}, {"type": "Shape", "name": "<S2>"}], "constraints": [{"params": ["<C>"], "type": "NULL"}, {"params": ["<C2>"], "type": "NULL"}, {"params": ["<Z2>"], "type": "NULL"}]}, {"text": ["What material is the other <Z2> <C2> <M2> <S2> that is the same color as the <Z> <C> <M> <S>?", "What is the material of the other <Z2> <C2> <M2> <S2> that is the same color as the <Z> <C> <M> <S>?", "There is another <Z2> <C2> <M2> <S2> that is the same color as the <Z> <C> <M> <S>; what material is it?", "There is another <Z2> <C2> <M2> <S2> that is the same color as the <Z> <C> <M> <S>; what is its material?", "There is another <Z2> <C2> <M2> <S2> that is the same color as the <Z> <C> <M> <S>; what is it made of?"], "nodes": [{"inputs": [], "type": "scene"}, {"side_inputs": ["<Z>", "<C>", "<M>", "<S>"], "inputs": [0], "type": "filter_unique"}, {"inputs": [1], "type": "same_color"}, {"side_inputs": ["<Z2>", "<C2>", "<M2>", "<S2>"], "inputs": [2], "type": "filter_unique"}, {"inputs": [3], "type": "query_material"}], "params": [{"type": "Size", "name": "<Z>"}, {"type": "Color", "name": "<C>"}, {"type": "Material", "name": "<M>"}, {"type": "Shape", "name": "<S>"}, {"type": "Size", "name": "<Z2>"}, {"type": "Color", "name": "<C2>"}, {"type": "Material", "name": "<M2>"}, {"type": "Shape", "name": "<S2>"}], "constraints": [{"params": ["<C>"], "type": "NULL"}, {"params": ["<C2>"], "type": "NULL"}, {"params": ["<M2>"], "type": "NULL"}]}, {"text": ["What shape is the other <Z2> <C2> <M2> <S2> that is the same color as the <Z> <C> <M> <S>?", "What is the shape of the other <Z2> <C2> <M2> <S2> that is the same color as the <Z> <C> <M> <S>?", "The other <Z2> <C2> <M2> <S2> that is the same color as the <Z> <C> <M> <S> is what shape?", "There is another <Z2> <C2> <M2> <S2> that is the same color as the <Z> <C> <M> <S>; what shape is it?", "There is another <Z2> <C2> <M2> <S2> that is the same color as the <Z> <C> <M> <S>; what is its shape?"], "nodes": [{"inputs": [], "type": "scene"}, {"side_inputs": ["<Z>", "<C>", "<M>", "<S>"], "inputs": [0], "type": "filter_unique"}, {"inputs": [1], "type": "same_color"}, {"side_inputs": ["<Z2>", "<C2>", "<M2>", "<S2>"], "inputs": [2], "type": "filter_unique"}, {"inputs": [3], "type": "query_shape"}], "params": [{"type": "Size", "name": "<Z>"}, {"type": "Color", "name": "<C>"}, {"type": "Material", "name": "<M>"}, {"type": "Shape", "name": "<S>"}, {"type": "Size", "name": "<Z2>"}, {"type": "Color", "name": "<C2>"}, {"type": "Material", "name": "<M2>"}, {"type": "Shape", "name": "<S2>"}], "constraints": [{"params": ["<C>"], "type": "NULL"}, {"params": ["<C2>"], "type": "NULL"}, {"params": ["<S2>"], "type": "NULL"}]}, {"text": ["What size is the other <Z2> <C2> <M2> <S2> that is [made of] the same material as the <Z> <C> <M> <S>?", "What is the size of the other <Z2> <C2> <M2> <S2> that is [made of] the same material as the <Z> <C> <M> <S>?", "The other <Z2> <C2> <M2> <S2> that is [made of] the same material as the <Z> <C> <M> <S> is what size?", "There is another <Z2> <C2> <M2> <S2> that is [made of] the same material as the <Z> <C> <M> <S>; what is its size?", "There is another <Z2> <C2> <M2> <S2> that is [made of] the same material as the <Z> <C> <M> <S>; what size is it?"], "nodes": [{"inputs": [], "type": "scene"}, {"side_inputs": ["<Z>", "<C>", "<M>", "<S>"], "inputs": [0], "type": "filter_unique"}, {"inputs": [1], "type": "same_material"}, {"side_inputs": ["<Z2>", "<C2>", "<M2>", "<S2>"], "inputs": [2], "type": "filter_unique"}, {"inputs": [3], "type": "query_size"}], "params": [{"type": "Size", "name": "<Z>"}, {"type": "Color", "name": "<C>"}, {"type": "Material", "name": "<M>"}, {"type": "Shape", "name": "<S>"}, {"type": "Size", "name": "<Z2>"}, {"type": "Color", "name": "<C2>"}, {"type": "Material", "name": "<M2>"}, {"type": "Shape", "name": "<S2>"}], "constraints": [{"params": ["<M>"], "type": "NULL"}, {"params": ["<M2>"], "type": "NULL"}, {"params": ["<Z2>"], "type": "NULL"}]}, {"text": ["What color is the other <Z2> <C2> <M2> <S2> that is [made of] the same material as the <Z> <C> <M> <S>?", "What is the color of the other <Z2> <C2> <M2> <S2> that is [made of] the same material as the <Z> <C> <M> <S>?", "The other <Z2> <C2> <M2> <S2> that is [made of] the same material as the <Z> <C> <M> <S> is what color?", "There is another <Z2> <C2> <M2> <S2> that is [made of] the same material as the <Z> <C> <M> <S>; what is its color?", "There is another <Z2> <C2> <M2> <S2> that is [made of] the same material as the <Z> <C> <M> <S>; what color is it?"], "nodes": [{"inputs": [], "type": "scene"}, {"side_inputs": ["<Z>", "<C>", "<M>", "<S>"], "inputs": [0], "type": "filter_unique"}, {"inputs": [1], "type": "same_material"}, {"side_inputs": ["<Z2>", "<C2>", "<M2>", "<S2>"], "inputs": [2], "type": "filter_unique"}, {"inputs": [3], "type": "query_color"}], "params": [{"type": "Size", "name": "<Z>"}, {"type": "Color", "name": "<C>"}, {"type": "Material", "name": "<M>"}, {"type": "Shape", "name": "<S>"}, {"type": "Size", "name": "<Z2>"}, {"type": "Color", "name": "<C2>"}, {"type": "Material", "name": "<M2>"}, {"type": "Shape", "name": "<S2>"}], "constraints": [{"params": ["<M>"], "type": "NULL"}, {"params": ["<M2>"], "type": "NULL"}, {"params": ["<C2>"], "type": "NULL"}]}, {"text": ["What shape is the other <Z2> <C2> <M2> <S2> that is [made of] the same material as the <Z> <C> <M> <S>?", "What is the shape of the other <Z2> <C2> <M2> <S2> that is [made of] the same material as the <Z> <C> <M> <S>?", "The other <Z2> <C2> <M2> <S2> that is [made of] the same material as the <Z> <C> <M> <S> is what shape?", "There is another <Z2> <C2> <M2> <S2> that is [made of] the same material as the <Z> <C> <M> <S>; what is its shape?", "There is another <Z2> <C2> <M2> <S2> that is [made of] the same material as the <Z> <C> <M> <S>; what shape is it?"], "nodes": [{"inputs": [], "type": "scene"}, {"side_inputs": ["<Z>", "<C>", "<M>", "<S>"], "inputs": [0], "type": "filter_unique"}, {"inputs": [1], "type": "same_material"}, {"side_inputs": ["<Z2>", "<C2>", "<M2>", "<S2>"], "inputs": [2], "type": "filter_unique"}, {"inputs": [3], "type": "query_shape"}], "params": [{"type": "Size", "name": "<Z>"}, {"type": "Color", "name": "<C>"}, {"type": "Material", "name": "<M>"}, {"type": "Shape", "name": "<S>"}, {"type": "Size", "name": "<Z2>"}, {"type": "Color", "name": "<C2>"}, {"type": "Material", "name": "<M2>"}, {"type": "Shape", "name": "<S2>"}], "constraints": [{"params": ["<M>"], "type": "NULL"}, {"params": ["<M2>"], "type": "NULL"}, {"params": ["<S2>"], "type": "NULL"}]}, {"text": ["What size is the other <Z2> <C2> <M2> <S2> that is the same shape as the <Z> <C> <M> <S>?", "What is the size of the other <Z2> <C2> <M2> <S2> that is the same shape as the <Z> <C> <M> <S>?", "The other <Z2> <C2> <M2> <S2> that is the same shape as the <Z> <C> <M> <S> is what size?", "There is another <Z2> <C2> <M2> <S2> that is the same shape as the <Z> <C> <M> <S>; what size is it?", "There is another <Z2> <C2> <M2> <S2> that is the same shape as the <Z> <C> <M> <S>; what is its size?"], "nodes": [{"inputs": [], "type": "scene"}, {"side_inputs": ["<Z>", "<C>", "<M>", "<S>"], "inputs": [0], "type": "filter_unique"}, {"inputs": [1], "type": "same_shape"}, {"side_inputs": ["<Z2>", "<C2>", "<M2>", "<S2>"], "inputs": [2], "type": "filter_unique"}, {"inputs": [3], "type": "query_size"}], "params": [{"type": "Size", "name": "<Z>"}, {"type": "Color", "name": "<C>"}, {"type": "Material", "name": "<M>"}, {"type": "Shape", "name": "<S>"}, {"type": "Size", "name": "<Z2>"}, {"type": "Color", "name": "<C2>"}, {"type": "Material", "name": "<M2>"}, {"type": "Shape", "name": "<S2>"}], "constraints": [{"params": ["<S>"], "type": "NULL"}, {"params": ["<S2>"], "type": "NULL"}, {"params": ["<Z2>"], "type": "NULL"}]}, {"text": ["What color is the other <Z2> <C2> <M2> <S2> that is the same shape as the <Z> <C> <M> <S>?", "What is the color of the other <Z2> <C2> <M2> <S2> that is the same shape as the <Z> <C> <M> <S>?", "The other <Z2> <C2> <M2> <S2> that is the same shape as the <Z> <C> <M> <S> is what color?", "There is another <Z2> <C2> <M2> <S2> that is the same shape as the <Z> <C> <M> <S>; what color is it?", "There is another <Z2> <C2> <M2> <S2> that is the same shape as the <Z> <C> <M> <S>; what is its color?"], "nodes": [{"inputs": [], "type": "scene"}, {"side_inputs": ["<Z>", "<C>", "<M>", "<S>"], "inputs": [0], "type": "filter_unique"}, {"inputs": [1], "type": "same_shape"}, {"side_inputs": ["<Z2>", "<C2>", "<M2>", "<S2>"], "inputs": [2], "type": "filter_unique"}, {"inputs": [3], "type": "query_color"}], "params": [{"type": "Size", "name": "<Z>"}, {"type": "Color", "name": "<C>"}, {"type": "Material", "name": "<M>"}, {"type": "Shape", "name": "<S>"}, {"type": "Size", "name": "<Z2>"}, {"type": "Color", "name": "<C2>"}, {"type": "Material", "name": "<M2>"}, {"type": "Shape", "name": "<S2>"}], "constraints": [{"params": ["<S>"], "type": "NULL"}, {"params": ["<S2>"], "type": "NULL"}, {"params": ["<C2>"], "type": "NULL"}]}, {"text": ["What material is the other <Z2> <C2> <M2> <S2> that is the same shape as the <Z> <C> <M> <S>?", "What is the material of the other <Z2> <C2> <M2> <S2> that is the same shape as the <Z> <C> <M> <S>?", "There is another <Z2> <C2> <M2> <S2> that is the same shape as the <Z> <C> <M> <S>; what material is it?", "There is another <Z2> <C2> <M2> <S2> that is the same shape as the <Z> <C> <M> <S>; what is its material?", "There is another <Z2> <C2> <M2> <S2> that is the same shape as the <Z> <C> <M> <S>; what is it made of?"], "nodes": [{"inputs": [], "type": "scene"}, {"side_inputs": ["<Z>", "<C>", "<M>", "<S>"], "inputs": [0], "type": "filter_unique"}, {"inputs": [1], "type": "same_shape"}, {"side_inputs": ["<Z2>", "<C2>", "<M2>", "<S2>"], "inputs": [2], "type": "filter_unique"}, {"inputs": [3], "type": "query_material"}], "params": [{"type": "Size", "name": "<Z>"}, {"type": "Color", "name": "<C>"}, {"type": "Material", "name": "<M>"}, {"type": "Shape", "name": "<S>"}, {"type": "Size", "name": "<Z2>"}, {"type": "Color", "name": "<C2>"}, {"type": "Material", "name": "<M2>"}, {"type": "Shape", "name": "<S2>"}], "constraints": [{"params": ["<S>"], "type": "NULL"}, {"params": ["<S2>"], "type": "NULL"}, {"params": ["<M2>"], "type": "NULL"}]}]