[{"text": ["How many <Z3> <C3> <M3> <S3>s are [both] <R2> the <Z2> <C2> <M2> <S2> and <R> the <Z> <C> <M> <S>?", "What number of <Z3> <C3> <M3> <S3>s are [both] <R2> the <Z2> <C2> <M2> <S2> and <R> the <Z> <C> <M> <S>?"], "nodes": [{"inputs": [], "type": "scene"}, {"side_inputs": ["<Z>", "<C>", "<M>", "<S>"], "inputs": [0], "type": "filter_unique"}, {"side_inputs": ["<R>"], "inputs": [1], "type": "relate"}, {"inputs": [], "type": "scene"}, {"side_inputs": ["<Z2>", "<C2>", "<M2>", "<S2>"], "inputs": [3], "type": "filter_unique"}, {"side_inputs": ["<R2>"], "inputs": [4], "type": "relate"}, {"inputs": [2, 5], "type": "intersect"}, {"side_inputs": ["<Z3>", "<C3>", "<M3>", "<S3>"], "inputs": [6], "type": "filter_count"}], "params": [{"type": "Size", "name": "<Z>"}, {"type": "Color", "name": "<C>"}, {"type": "Material", "name": "<M>"}, {"type": "Shape", "name": "<S>"}, {"type": "Relation", "name": "<R>"}, {"type": "Size", "name": "<Z2>"}, {"type": "Color", "name": "<C2>"}, {"type": "Material", "name": "<M2>"}, {"type": "Shape", "name": "<S2>"}, {"type": "Relation", "name": "<R2>"}, {"type": "Size", "name": "<Z3>"}, {"type": "Color", "name": "<C3>"}, {"type": "Material", "name": "<M3>"}, {"type": "Shape", "name": "<S3>"}], "constraints": []}, {"text": ["What is the size of the <Z3> <C3> <M3> <S3> that is [both] <R2> the <Z2> <C2> <M2> <S2> and <R> the <Z> <C> <M> <S>?", "What size is the <Z3> <C3> <M3> <S3> that is [both] <R2> the <Z2> <C2> <M2> <S2> and <R> the <Z> <C> <M> <S>?", "How big is the <Z3> <C3> <M3> <S3> that is [both] <R2> the <Z2> <C2> <M2> <S2> and <R> the <Z> <C> <M> <S>?", "There is a <Z3> <C3> <M3> <S3> that is [both] <R2> the <Z2> <C2> <M2> <S2> and <R> the <Z> <C> <M> <S>; what is its size?", "There is a <Z3> <C3> <M3> <S3> that is [both] <R2> the <Z2> <C2> <M2> <S2> and <R> the <Z> <C> <M> <S>; what size is it?", "There is a <Z3> <C3> <M3> <S3> that is [both] <R2> the <Z2> <C2> <M2> <S2> and <R> the <Z> <C> <M> <S>; how big is it?"], "nodes": [{"inputs": [], "type": "scene"}, {"side_inputs": ["<Z>", "<C>", "<M>", "<S>"], "inputs": [0], "type": "filter_unique"}, {"side_inputs": ["<R>"], "inputs": [1], "type": "relate"}, {"inputs": [], "type": "scene"}, {"side_inputs": ["<Z2>", "<C2>", "<M2>", "<S2>"], "inputs": [3], "type": "filter_unique"}, {"side_inputs": ["<R2>"], "inputs": [4], "type": "relate"}, {"inputs": [2, 5], "type": "intersect"}, {"side_inputs": ["<Z3>", "<C3>", "<M3>", "<S3>"], "inputs": [6], "type": "filter_unique"}, {"inputs": [7], "type": "query_size"}], "params": [{"type": "Size", "name": "<Z>"}, {"type": "Color", "name": "<C>"}, {"type": "Material", "name": "<M>"}, {"type": "Shape", "name": "<S>"}, {"type": "Relation", "name": "<R>"}, {"type": "Size", "name": "<Z2>"}, {"type": "Color", "name": "<C2>"}, {"type": "Material", "name": "<M2>"}, {"type": "Shape", "name": "<S2>"}, {"type": "Relation", "name": "<R2>"}, {"type": "Size", "name": "<Z3>"}, {"type": "Color", "name": "<C3>"}, {"type": "Material", "name": "<M3>"}, {"type": "Shape", "name": "<S3>"}], "constraints": [{"params": [2, 5], "type": "OUT_NEQ"}, {"params": ["<Z3>"], "type": "NULL"}]}, {"text": ["What is the color of the <Z3> <C3> <M3> <S3> that is [both] <R2> the <Z2> <C2> <M2> <S2> and <R> the <Z> <C> <M> <S>?", "What color is the <Z3> <C3> <M3> <S3> that is [both] <R2> the <Z2> <C2> <M2> <S2> and <R> the <Z> <C> <M> <S>?", "The <Z3> <C3> <M3> <S3> that is [both] <R2> the <Z2> <C2> <M2> <S2> and <R> the <Z> <C> <M> <S> is what color?", "There is a <Z3> <C3> <M3> <S3> that is [both] <R2> the <Z2> <C2> <M2> <S2> and <R> the <Z> <C> <M> <S>; what is its color?", "There is a <Z3> <C3> <M3> <S3> that is [both] <R2> the <Z2> <C2> <M2> <S2> and <R> the <Z> <C> <M> <S>; what color is it?"], "nodes": [{"inputs": [], "type": "scene"}, {"side_inputs": ["<Z>", "<C>", "<M>", "<S>"], "inputs": [0], "type": "filter_unique"}, {"side_inputs": ["<R>"], "inputs": [1], "type": "relate"}, {"inputs": [], "type": "scene"}, {"side_inputs": ["<Z2>", "<C2>", "<M2>", "<S2>"], "inputs": [3], "type": "filter_unique"}, {"side_inputs": ["<R2>"], "inputs": [4], "type": "relate"}, {"inputs": [2, 5], "type": "intersect"}, {"side_inputs": ["<Z3>", "<C3>", "<M3>", "<S3>"], "inputs": [6], "type": "filter_unique"}, {"inputs": [7], "type": "query_color"}], "params": [{"type": "Size", "name": "<Z>"}, {"type": "Color", "name": "<C>"}, {"type": "Material", "name": "<M>"}, {"type": "Shape", "name": "<S>"}, {"type": "Relation", "name": "<R>"}, {"type": "Size", "name": "<Z2>"}, {"type": "Color", "name": "<C2>"}, {"type": "Material", "name": "<M2>"}, {"type": "Shape", "name": "<S2>"}, {"type": "Relation", "name": "<R2>"}, {"type": "Size", "name": "<Z3>"}, {"type": "Color", "name": "<C3>"}, {"type": "Material", "name": "<M3>"}, {"type": "Shape", "name": "<S3>"}], "constraints": [{"params": ["<C3>"], "type": "NULL"}, {"params": [2, 5], "type": "OUT_NEQ"}]}, {"text": ["What is the material of the <Z3> <C3> <M3> <S3> that is [both] <R2> the <Z2> <C2> <M2> <S2> and <R> the <Z> <C> <M> <S>?", "What material is the <Z3> <C3> <M3> <S3> that is [both] <R2> the <Z2> <C2> <M2> <S2> and <R> the <Z> <C> <M> <S>?", "What is the <Z3> <C3> <M3> <S3> that is [both] <R2> the <Z2> <C2> <M2> <S2> and <R> the <Z> <C> <M> <S> made of?", "The <Z3> <C3> <M3> <S3> that is [both] <R2> the <Z2> <C2> <M2> <S2> and <R> the <Z> <C> <M> <S> is made of what material?", "There is a <Z3> <C3> <M3> <S3> that is [both] <R2> the <Z2> <C2> <M2> <S2> and <R> the <Z> <C> <M> <S>; what is its material?", "There is a <Z3> <C3> <M3> <S3> that is [both] <R2> the <Z2> <C2> <M2> <S2> and <R> the <Z> <C> <M> <S>; what material is it?", "There is a <Z3> <C3> <M3> <S3> that is [both] <R2> the <Z2> <C2> <M2> <S2> and <R> the <Z> <C> <M> <S>; what [material] is it made of?"], "nodes": [{"inputs": [], "type": "scene"}, {"side_inputs": ["<Z>", "<C>", "<M>", "<S>"], "inputs": [0], "type": "filter_unique"}, {"side_inputs": ["<R>"], "inputs": [1], "type": "relate"}, {"inputs": [], "type": "scene"}, {"side_inputs": ["<Z2>", "<C2>", "<M2>", "<S2>"], "inputs": [3], "type": "filter_unique"}, {"side_inputs": ["<R2>"], "inputs": [4], "type": "relate"}, {"inputs": [2, 5], "type": "intersect"}, {"side_inputs": ["<Z3>", "<C3>", "<M3>", "<S3>"], "inputs": [6], "type": "filter_unique"}, {"inputs": [7], "type": "query_material"}], "params": [{"type": "Size", "name": "<Z>"}, {"type": "Color", "name": "<C>"}, {"type": "Material", "name": "<M>"}, {"type": "Shape", "name": "<S>"}, {"type": "Relation", "name": "<R>"}, {"type": "Size", "name": "<Z2>"}, {"type": "Color", "name": "<C2>"}, {"type": "Material", "name": "<M2>"}, {"type": "Shape", "name": "<S2>"}, {"type": "Relation", "name": "<R2>"}, {"type": "Size", "name": "<Z3>"}, {"type": "Color", "name": "<C3>"}, {"type": "Material", "name": "<M3>"}, {"type": "Shape", "name": "<S3>"}], "constraints": [{"params": [2, 5], "type": "OUT_NEQ"}, {"params": ["<M3>"], "type": "NULL"}]}, {"text": ["What is the shape of the <Z3> <C3> <M3> <S3> that is [both] <R2> the <Z2> <C2> <M2> <S2> and <R> the <Z> <C> <M> <S>?", "What shape is the <Z3> <C3> <M3> <S3> that is [both] <R2> the <Z2> <C2> <M2> <S2> and <R> the <Z> <C> <M> <S>?", "The <Z3> <C3> <M3> <S3> that is [both] <R2> the <Z2> <C2> <M2> <S2> and <R> the <Z> <C> <M> <S> has what shape?", "There is a <Z3> <C3> <M3> <S3> that is [both] <R2> the <Z2> <C2> <M2> <S2> and <R> the <Z> <C> <M> <S>; what shape is it?", "There is a <Z3> <C3> <M3> <S3> that is [both] <R2> the <Z2> <C2> <M2> <S2> and <R> the <Z> <C> <M> <S>; what is its shape?"], "nodes": [{"inputs": [], "type": "scene"}, {"side_inputs": ["<Z>", "<C>", "<M>", "<S>"], "inputs": [0], "type": "filter_unique"}, {"side_inputs": ["<R>"], "inputs": [1], "type": "relate"}, {"inputs": [], "type": "scene"}, {"side_inputs": ["<Z2>", "<C2>", "<M2>", "<S2>"], "inputs": [3], "type": "filter_unique"}, {"side_inputs": ["<R2>"], "inputs": [4], "type": "relate"}, {"inputs": [2, 5], "type": "intersect"}, {"side_inputs": ["<Z3>", "<C3>", "<M3>", "<S3>"], "inputs": [6], "type": "filter_unique"}, {"inputs": [7], "type": "query_shape"}], "params": [{"type": "Size", "name": "<Z>"}, {"type": "Color", "name": "<C>"}, {"type": "Material", "name": "<M>"}, {"type": "Shape", "name": "<S>"}, {"type": "Relation", "name": "<R>"}, {"type": "Size", "name": "<Z2>"}, {"type": "Color", "name": "<C2>"}, {"type": "Material", "name": "<M2>"}, {"type": "Shape", "name": "<S2>"}, {"type": "Relation", "name": "<R2>"}, {"type": "Size", "name": "<Z3>"}, {"type": "Color", "name": "<C3>"}, {"type": "Material", "name": "<M3>"}, {"type": "Shape", "name": "<S3>"}], "constraints": [{"params": [2, 5], "type": "OUT_NEQ"}, {"params": ["<S3>"], "type": "NULL"}]}]