[{"text": ["How many things are [either] <Z> <C> <M> <S>s or <Z2> <C2> <M2> <S2>s?", "How many objects are [either] <Z> <C> <M> <S>s or <Z2> <C2> <M2> <S2>s?", "What number of things are [either] <Z> <C> <M> <S>s or <Z2> <C2> <M2> <S2>s?", "What number of objects are [either] <Z> <C> <M> <S>s or <Z2> <C2> <M2> <S2>s?"], "nodes": [{"inputs": [], "type": "scene"}, {"side_inputs": ["<Z>", "<C>", "<M>", "<S>"], "inputs": [0], "type": "filter"}, {"inputs": [], "type": "scene"}, {"side_inputs": ["<Z2>", "<C2>", "<M2>", "<S2>"], "inputs": [2], "type": "filter"}, {"inputs": [1, 3], "type": "union"}, {"inputs": [4], "type": "count"}], "params": [{"type": "Size", "name": "<Z>"}, {"type": "Color", "name": "<C>"}, {"type": "Material", "name": "<M>"}, {"type": "Shape", "name": "<S>"}, {"type": "Size", "name": "<Z2>"}, {"type": "Color", "name": "<C2>"}, {"type": "Material", "name": "<M2>"}, {"type": "Shape", "name": "<S2>"}], "constraints": [{"params": [1, 3], "type": "OUT_NEQ"}]}, {"text": ["How many <Z3> things are [either] <Z> <C> <M> <S>s or <Z2> <C2> <M2> <S2>s?", "How many <Z3> objects are [either] <Z> <C> <M> <S>s or <Z2> <C2> <M2> <S2>s?", "What number of <Z3> things are [either] <Z> <C> <M> <S>s or <Z2> <C2> <M2> <S2>s?", "What number of <Z3> objects are [either] <Z> <C> <M> <S>s or <Z2> <C2> <M2> <S2>s?"], "nodes": [{"inputs": [], "type": "scene"}, {"side_inputs": ["<Z>", "<C>", "<M>", "<S>"], "inputs": [0], "type": "filter"}, {"inputs": [], "type": "scene"}, {"side_inputs": ["<Z2>", "<C2>", "<M2>", "<S2>"], "inputs": [2], "type": "filter"}, {"inputs": [1, 3], "type": "union"}, {"side_inputs": ["<Z3>"], "inputs": [4], "type": "filter_size"}, {"inputs": [5], "type": "count"}], "params": [{"type": "Size", "name": "<Z>"}, {"type": "Color", "name": "<C>"}, {"type": "Material", "name": "<M>"}, {"type": "Shape", "name": "<S>"}, {"type": "Size", "name": "<Z2>"}, {"type": "Color", "name": "<C2>"}, {"type": "Material", "name": "<M2>"}, {"type": "Shape", "name": "<S2>"}, {"type": "Size", "name": "<Z3>"}], "constraints": [{"params": [1, 3], "type": "OUT_NEQ"}, {"params": ["<Z>"], "type": "NULL"}, {"params": ["<Z2>"], "type": "NULL"}]}, {"text": ["How many <C3> things are [either] <Z> <C> <M> <S>s or <Z2> <C2> <M2> <S2>s?", "How many <C3> objects are [either] <Z> <C> <M> <S>s or <Z2> <C2> <M2> <S2>s?", "What number of <C3> things are [either] <Z> <C> <M> <S>s or <Z2> <C2> <M2> <S2>s?", "What number of <C3> objects are [either] <Z> <C> <M> <S>s or <Z2> <C2> <M2> <S2>s?"], "nodes": [{"inputs": [], "type": "scene"}, {"side_inputs": ["<Z>", "<C>", "<M>", "<S>"], "inputs": [0], "type": "filter"}, {"inputs": [], "type": "scene"}, {"side_inputs": ["<Z2>", "<C2>", "<M2>", "<S2>"], "inputs": [2], "type": "filter"}, {"inputs": [1, 3], "type": "union"}, {"side_inputs": ["<C3>"], "inputs": [4], "type": "filter_color"}, {"inputs": [5], "type": "count"}], "params": [{"type": "Size", "name": "<Z>"}, {"type": "Color", "name": "<C>"}, {"type": "Material", "name": "<M>"}, {"type": "Shape", "name": "<S>"}, {"type": "Size", "name": "<Z2>"}, {"type": "Color", "name": "<C2>"}, {"type": "Material", "name": "<M2>"}, {"type": "Shape", "name": "<S2>"}, {"type": "Color", "name": "<C3>"}], "constraints": [{"params": [1, 3], "type": "OUT_NEQ"}, {"params": ["<C>"], "type": "NULL"}, {"params": ["<C2>"], "type": "NULL"}]}, {"text": ["How many things are [either] <Z2> <C2> <M2> <S2>s [that are] <R> the <Z> <C> <M> <S> or <Z4> <C4> <M4> <S4>s [that are] <R2> the <Z3> <C3> <M3> <S3>?", "How many objects are [either] <Z2> <C2> <M2> <S2>s [that are] <R> the <Z> <C> <M> <S> or <Z4> <C4> <M4> <S4>s [that are] <R2> the <Z3> <C3> <M3> <S3>?", "What number of objects are [either] <Z2> <C2> <M2> <S2>s [that are] <R> the <Z> <C> <M> <S> or <Z4> <C4> <M4> <S4>s [that are] <R2> the <Z3> <C3> <M3> <S3>?", "What number of things are [either] <Z2> <C2> <M2> <S2>s [that are] <R> the <Z> <C> <M> <S> or <Z4> <C4> <M4> <S4>s [that are] <R2> the <Z3> <C3> <M3> <S3>?"], "nodes": [{"inputs": [], "type": "scene"}, {"side_inputs": ["<Z>", "<C>", "<M>", "<S>"], "inputs": [0], "type": "filter_unique"}, {"side_inputs": ["<R>", "<Z2>", "<C2>", "<M2>", "<S2>"], "inputs": [1], "type": "relate_filter"}, {"inputs": [], "type": "scene"}, {"side_inputs": ["<Z3>", "<C3>", "<M3>", "<S3>"], "inputs": [3], "type": "filter_unique"}, {"side_inputs": ["<R2>", "<Z4>", "<C4>", "<M4>", "<S4>"], "inputs": [4], "type": "relate_filter"}, {"inputs": [2, 5], "type": "union"}, {"inputs": [6], "type": "count"}], "params": [{"type": "Size", "name": "<Z>"}, {"type": "Color", "name": "<C>"}, {"type": "Material", "name": "<M>"}, {"type": "Shape", "name": "<S>"}, {"type": "Relation", "name": "<R>"}, {"type": "Size", "name": "<Z2>"}, {"type": "Color", "name": "<C2>"}, {"type": "Material", "name": "<M2>"}, {"type": "Shape", "name": "<S2>"}, {"type": "Size", "name": "<Z3>"}, {"type": "Color", "name": "<C3>"}, {"type": "Material", "name": "<M3>"}, {"type": "Shape", "name": "<S3>"}, {"type": "Relation", "name": "<R2>"}, {"type": "Size", "name": "<Z4>"}, {"type": "Color", "name": "<C4>"}, {"type": "Material", "name": "<M4>"}, {"type": "Shape", "name": "<S4>"}], "constraints": []}, {"text": ["How many <M3> things are [either] <Z> <C> <M> <S>s or <Z2> <C2> <M2> <S2>s?", "How many <M3> objects are [either] <Z> <C> <M> <S>s or <Z2> <C2> <M2> <S2>s?", "What number of <M3> things are [either] <Z> <C> <M> <S>s or <Z2> <C2> <M2> <S2>s?", "What number of <M3> objects are [either] <Z> <C> <M> <S>s or <Z2> <C2> <M2> <S2>s?"], "nodes": [{"inputs": [], "type": "scene"}, {"side_inputs": ["<Z>", "<C>", "<M>", "<S>"], "inputs": [0], "type": "filter"}, {"inputs": [], "type": "scene"}, {"side_inputs": ["<Z2>", "<C2>", "<M2>", "<S2>"], "inputs": [2], "type": "filter"}, {"inputs": [1, 3], "type": "union"}, {"side_inputs": ["<M3>"], "inputs": [4], "type": "filter_material"}, {"inputs": [5], "type": "count"}], "params": [{"type": "Size", "name": "<Z>"}, {"type": "Color", "name": "<C>"}, {"type": "Material", "name": "<M>"}, {"type": "Shape", "name": "<S>"}, {"type": "Size", "name": "<Z2>"}, {"type": "Color", "name": "<C2>"}, {"type": "Material", "name": "<M2>"}, {"type": "Shape", "name": "<S2>"}, {"type": "Material", "name": "<M3>"}], "constraints": [{"params": [1, 3], "type": "OUT_NEQ"}, {"params": ["<M>"], "type": "NULL"}, {"params": ["<M2>"], "type": "NULL"}]}, {"text": ["How many <S3>s are [either] <Z> <C> <M> <S>s or <Z2> <C2> <M2> <S2>s?", "What number of <S3>s are [either] <Z> <C> <M> <S>s or <Z2> <C2> <M2> <S2>s?"], "nodes": [{"inputs": [], "type": "scene"}, {"inputs": [], "type": "scene"}, {"side_inputs": ["<Z>", "<C>", "<M>", "<S>"], "inputs": [0], "type": "filter"}, {"side_inputs": ["<Z2>", "<C2>", "<M2>", "<S2>"], "inputs": [1], "type": "filter"}, {"inputs": [2, 3], "type": "union"}, {"side_inputs": ["<S3>"], "inputs": [4], "type": "filter_shape"}, {"inputs": [5], "type": "count"}], "params": [{"type": "Size", "name": "<Z>"}, {"type": "Color", "name": "<C>"}, {"type": "Material", "name": "<M>"}, {"type": "Shape", "name": "<S>"}, {"type": "Size", "name": "<Z2>"}, {"type": "Color", "name": "<C2>"}, {"type": "Material", "name": "<M2>"}, {"type": "Shape", "name": "<S2>"}, {"type": "Shape", "name": "<S3>"}], "constraints": [{"params": [2, 3], "type": "OUT_NEQ"}, {"params": ["<S>"], "type": "NULL"}, {"params": ["<S2>"], "type": "NULL"}]}, {"text": ["How many things are [either] <Z2> <C2> <M2> <S2>s [that are] <R> the <Z> <C> <M> <S> or <Z3> <C3> <M3> <S3>s?", "How many objects are [either] <Z2> <C2> <M2> <S2>s [that are] <R> the <Z> <C> <M> <S> or <Z3> <C3> <M3> <S3>s?", "What number of things are [either] <Z2> <C2> <M2> <S2>s [that are] <R> the <Z> <C> <M> <S> or <Z3> <C3> <M3> <S3>s?", "What number of objects are [either] <Z2> <C2> <M2> <S2>s [that are] <R> the <Z> <C> <M> <S> or <Z3> <C3> <M3> <S3>s?"], "nodes": [{"inputs": [], "type": "scene"}, {"side_inputs": ["<Z>", "<C>", "<M>", "<S>"], "inputs": [0], "type": "filter_unique"}, {"side_inputs": ["<R>", "<Z2>", "<C2>", "<M2>", "<S2>"], "inputs": [1], "type": "relate_filter"}, {"inputs": [], "type": "scene"}, {"side_inputs": ["<Z3>", "<C3>", "<M3>", "<S3>"], "inputs": [3], "type": "filter"}, {"inputs": [2, 4], "type": "union"}, {"inputs": [5], "type": "count"}], "params": [{"type": "Size", "name": "<Z>"}, {"type": "Color", "name": "<C>"}, {"type": "Material", "name": "<M>"}, {"type": "Shape", "name": "<S>"}, {"type": "Relation", "name": "<R>"}, {"type": "Size", "name": "<Z2>"}, {"type": "Color", "name": "<C2>"}, {"type": "Material", "name": "<M2>"}, {"type": "Shape", "name": "<S2>"}, {"type": "Size", "name": "<Z3>"}, {"type": "Color", "name": "<C3>"}, {"type": "Material", "name": "<M3>"}, {"type": "Shape", "name": "<S3>"}], "constraints": []}, {"text": ["How many things are [either] <Z> <C> <M> <S>s or <Z3> <C3> <M3> <S3>s [that are] <R> the <Z2> <C2> <M2> <S2>?", "How many objects are [either] <Z> <C> <M> <S>s or <Z3> <C3> <M3> <S3>s [that are] <R> the <Z2> <C2> <M2> <S2>?", "What number of things are [either] <Z> <C> <M> <S>s or <Z3> <C3> <M3> <S3>s [that are] <R> the <Z2> <C2> <M2> <S2>?", "What number of objects are [either] <Z> <C> <M> <S>s or <Z3> <C3> <M3> <S3>s [that are] <R> the <Z2> <C2> <M2> <S2>?"], "nodes": [{"inputs": [], "type": "scene"}, {"side_inputs": ["<Z>", "<C>", "<M>", "<S>"], "inputs": [0], "type": "filter"}, {"inputs": [], "type": "scene"}, {"side_inputs": ["<Z2>", "<C2>", "<M2>", "<S2>"], "inputs": [2], "type": "filter_unique"}, {"side_inputs": ["<R>", "<Z3>", "<C3>", "<M3>", "<S3>"], "inputs": [3], "type": "relate_filter"}, {"inputs": [1, 4], "type": "union"}, {"inputs": [5], "type": "count"}], "params": [{"type": "Size", "name": "<Z>"}, {"type": "Color", "name": "<C>"}, {"type": "Material", "name": "<M>"}, {"type": "Shape", "name": "<S>"}, {"type": "Size", "name": "<Z2>"}, {"type": "Color", "name": "<C2>"}, {"type": "Material", "name": "<M2>"}, {"type": "Shape", "name": "<S2>"}, {"type": "Relation", "name": "<R>"}, {"type": "Size", "name": "<Z3>"}, {"type": "Color", "name": "<C3>"}, {"type": "Material", "name": "<M3>"}, {"type": "Shape", "name": "<S3>"}], "constraints": []}]