[{"text": ["How many <Z4> <C4> <M4> <S4>s are <R3> the <Z3> <C3> <M3> <S3> [that is] <R2> the <Z2> <C2> <M2> <S2> [that is] <R> the <Z> <C> <M> <S>?", "What number of <Z4> <C4> <M4> <S4>s are <R3> the <Z3> <C3> <M3> <S3> [that is] <R2> the <Z2> <C2> <M2> <S2> [that is] <R> the <Z> <C> <M> <S>?", "There is a <Z3> <C3> <M3> <S3> [that is] <R2> the <Z2> <C2> <M2> <S2> [that is] <R> the <Z> <C> <M> <S>; how many <Z4> <C4> <M4> <S4>s are <R3> it?", "There is a <Z3> <C3> <M3> <S3> [that is] <R2> the <Z2> <C2> <M2> <S2> [that is] <R> the <Z> <C> <M> <S>; what number of <Z4> <C4> <M4> <S4>s are <R3> it?"], "nodes": [{"inputs": [], "type": "scene"}, {"side_inputs": ["<Z>", "<C>", "<M>", "<S>"], "inputs": [0], "type": "filter_unique"}, {"side_inputs": ["<R>", "<Z2>", "<C2>", "<M2>", "<S2>"], "inputs": [1], "type": "relate_filter_unique"}, {"side_inputs": ["<R2>", "<Z3>", "<C3>", "<M3>", "<S3>"], "inputs": [2], "type": "relate_filter_unique"}, {"side_inputs": ["<R3>", "<Z4>", "<C4>", "<M4>", "<S4>"], "inputs": [3], "type": "relate_filter_count"}], "params": [{"type": "Size", "name": "<Z>"}, {"type": "Color", "name": "<C>"}, {"type": "Material", "name": "<M>"}, {"type": "Shape", "name": "<S>"}, {"type": "Relation", "name": "<R>"}, {"type": "Size", "name": "<Z2>"}, {"type": "Color", "name": "<C2>"}, {"type": "Material", "name": "<M2>"}, {"type": "Shape", "name": "<S2>"}, {"type": "Relation", "name": "<R2>"}, {"type": "Size", "name": "<Z3>"}, {"type": "Color", "name": "<C3>"}, {"type": "Material", "name": "<M3>"}, {"type": "Shape", "name": "<S3>"}, {"type": "Relation", "name": "<R3>"}, {"type": "Size", "name": "<Z4>"}, {"type": "Color", "name": "<C4>"}, {"type": "Material", "name": "<M4>"}, {"type": "Shape", "name": "<S4>"}], "constraints": []}, {"text": ["Are there any <Z4> <C4> <M4> <S4>s [that are] <R3> the <Z3> <C3> <M3> <S3> [that is] <R2> the <Z2> <C2> <M2> <S2> [that is] <R> the <Z> <C> <M> <S>?", "Is there a <Z4> <C4> <M4> <S4> [that is] <R3> the <Z3> <C3> <M3> <S3> [that is] <R2> the <Z2> <C2> <M2> <S2> [that is] <R> the <Z> <C> <M> <S>?", "There is a <Z3> <C3> <M3> <S3> [that is] <R2> the <Z2> <C2> <M2> <S2> [that is] <R> the <Z> <C> <M> <S>; are there any <Z4> <C4> <M4> <S4>s [that are] <R3> it?", "There is a <Z3> <C3> <M3> <S3> [that is] <R2> the <Z2> <C2> <M2> <S2> [that is] <R> the <Z> <C> <M> <S>; is there a <Z4> <C4> <M4> <S4> [that is] <R3> it?"], "nodes": [{"inputs": [], "type": "scene"}, {"side_inputs": ["<Z>", "<C>", "<M>", "<S>"], "inputs": [0], "type": "filter_unique"}, {"side_inputs": ["<R>", "<Z2>", "<C2>", "<M2>", "<S2>"], "inputs": [1], "type": "relate_filter_unique"}, {"side_inputs": ["<R2>", "<Z3>", "<C3>", "<M3>", "<S3>"], "inputs": [2], "type": "relate_filter_unique"}, {"side_inputs": ["<R3>", "<Z4>", "<C4>", "<M4>", "<S4>"], "inputs": [3], "type": "relate_filter_exist"}], "params": [{"type": "Size", "name": "<Z>"}, {"type": "Color", "name": "<C>"}, {"type": "Material", "name": "<M>"}, {"type": "Shape", "name": "<S>"}, {"type": "Relation", "name": "<R>"}, {"type": "Size", "name": "<Z2>"}, {"type": "Color", "name": "<C2>"}, {"type": "Material", "name": "<M2>"}, {"type": "Shape", "name": "<S2>"}, {"type": "Relation", "name": "<R2>"}, {"type": "Size", "name": "<Z3>"}, {"type": "Color", "name": "<C3>"}, {"type": "Material", "name": "<M3>"}, {"type": "Shape", "name": "<S3>"}, {"type": "Relation", "name": "<R3>"}, {"type": "Size", "name": "<Z4>"}, {"type": "Color", "name": "<C4>"}, {"type": "Material", "name": "<M4>"}, {"type": "Shape", "name": "<S4>"}], "constraints": []}, {"text": ["What size is the <Z4> <C4> <M4> <S4> [that is] <R3> the <Z3> <C3> <M3> <S3> [that is] <R2> the <Z2> <C2> <M2> <S2> [that is] <R> the <Z> <C> <M> <S>?", "What is the size of the <Z4> <C4> <M4> <S4> [that is] <R3> the <Z3> <C3> <M3> <S3> [that is] <R2> the <Z2> <C2> <M2> <S2> [that is] <R> the <Z> <C> <M> <S>?", "How big is the <Z4> <C4> <M4> <S4> [that is] <R3> the <Z3> <C3> <M3> <S3> [that is] <R2> the <Z2> <C2> <M2> <S2> [that is] <R> the <Z> <C> <M> <S>?", "There is a <Z4> <C4> <M4> <S4> [that is] <R3> the <Z3> <C3> <M3> <S3> [that is] <R2> the <Z2> <C2> <M2> <S2> [that is] <R> the <Z> <C> <M> <S>; what size is it?", "There is a <Z4> <C4> <M4> <S4> [that is] <R3> the <Z3> <C3> <M3> <S3> [that is] <R2> the <Z2> <C2> <M2> <S2> [that is] <R> the <Z> <C> <M> <S>; what is its size?", "There is a <Z4> <C4> <M4> <S4> [that is] <R3> the <Z3> <C3> <M3> <S3> [that is] <R2> the <Z2> <C2> <M2> <S2> [that is] <R> the <Z> <C> <M> <S>; how big is it?"], "nodes": [{"inputs": [], "type": "scene"}, {"side_inputs": ["<Z>", "<C>", "<M>", "<S>"], "inputs": [0], "type": "filter_unique"}, {"side_inputs": ["<R>", "<Z2>", "<C2>", "<M2>", "<S2>"], "inputs": [1], "type": "relate_filter_unique"}, {"side_inputs": ["<R2>", "<Z3>", "<C3>", "<M3>", "<S3>"], "inputs": [2], "type": "relate_filter_unique"}, {"side_inputs": ["<R3>", "<Z4>", "<C4>", "<M4>", "<S4>"], "inputs": [3], "type": "relate_filter_unique"}, {"inputs": [4], "type": "query_size"}], "params": [{"type": "Size", "name": "<Z>"}, {"type": "Color", "name": "<C>"}, {"type": "Material", "name": "<M>"}, {"type": "Shape", "name": "<S>"}, {"type": "Relation", "name": "<R>"}, {"type": "Size", "name": "<Z2>"}, {"type": "Color", "name": "<C2>"}, {"type": "Material", "name": "<M2>"}, {"type": "Shape", "name": "<S2>"}, {"type": "Relation", "name": "<R2>"}, {"type": "Size", "name": "<Z3>"}, {"type": "Color", "name": "<C3>"}, {"type": "Material", "name": "<M3>"}, {"type": "Shape", "name": "<S3>"}, {"type": "Relation", "name": "<R3>"}, {"type": "Size", "name": "<Z4>"}, {"type": "Color", "name": "<C4>"}, {"type": "Material", "name": "<M4>"}, {"type": "Shape", "name": "<S4>"}], "constraints": [{"params": ["<Z4>"], "type": "NULL"}]}, {"text": ["What shape is the <Z4> <C4> <M4> <S4> [that is] <R3> the <Z3> <C3> <M3> <S3> [that is] <R2> the <Z2> <C2> <M2> <S2> [that is] <R> the <Z> <C> <M> <S>?", "What is the shape of the <Z4> <C4> <M4> <S4> [that is] <R3> the <Z3> <C3> <M3> <S3> [that is] <R2> the <Z2> <C2> <M2> <S2> [that is] <R> the <Z> <C> <M> <S>?", "The <Z4> <C4> <M4> <S4> [that is] <R3> the <Z3> <C3> <M3> <S3> [that is] <R2> the <Z2> <C2> <M2> <S2> [that is] <R> the <Z> <C> <M> <S> is what shape?", "There is a <Z4> <C4> <M4> <S4> [that is] <R3> the <Z3> <C3> <M3> <S3> [that is] <R2> the <Z2> <C2> <M2> <S2> [that is] <R> the <Z> <C> <M> <S>; what shape is it?", "There is a <Z4> <C4> <M4> <S4> [that is] <R3> the <Z3> <C3> <M3> <S3> [that is] <R2> the <Z2> <C2> <M2> <S2> [that is] <R> the <Z> <C> <M> <S>; what is its shape?"], "nodes": [{"inputs": [], "type": "scene"}, {"side_inputs": ["<Z>", "<C>", "<M>", "<S>"], "inputs": [0], "type": "filter_unique"}, {"side_inputs": ["<R>", "<Z2>", "<C2>", "<M2>", "<S2>"], "inputs": [1], "type": "relate_filter_unique"}, {"side_inputs": ["<R2>", "<Z3>", "<C3>", "<M3>", "<S3>"], "inputs": [2], "type": "relate_filter_unique"}, {"side_inputs": ["<R3>", "<Z4>", "<C4>", "<M4>", "<S4>"], "inputs": [3], "type": "relate_filter_unique"}, {"inputs": [4], "type": "query_shape"}], "params": [{"type": "Size", "name": "<Z>"}, {"type": "Color", "name": "<C>"}, {"type": "Material", "name": "<M>"}, {"type": "Shape", "name": "<S>"}, {"type": "Relation", "name": "<R>"}, {"type": "Size", "name": "<Z2>"}, {"type": "Color", "name": "<C2>"}, {"type": "Material", "name": "<M2>"}, {"type": "Shape", "name": "<S2>"}, {"type": "Relation", "name": "<R2>"}, {"type": "Size", "name": "<Z3>"}, {"type": "Color", "name": "<C3>"}, {"type": "Material", "name": "<M3>"}, {"type": "Shape", "name": "<S3>"}, {"type": "Relation", "name": "<R3>"}, {"type": "Size", "name": "<Z4>"}, {"type": "Color", "name": "<C4>"}, {"type": "Material", "name": "<M4>"}, {"type": "Shape", "name": "<S4>"}], "constraints": [{"params": ["<S4>"], "type": "NULL"}]}, {"text": ["What color is the <Z4> <C4> <M4> <S4> [that is] <R3> the <Z3> <C3> <M3> <S3> [that is] <R2> the <Z2> <C2> <M2> <S2> [that is] <R> the <Z> <C> <M> <S>?", "What is the color of the <Z4> <C4> <M4> <S4> [that is] <R3> the <Z3> <C3> <M3> <S3> [that is] <R2> the <Z2> <C2> <M2> <S2> [that is] <R> the <Z> <C> <M> <S>?", "The <Z4> <C4> <M4> <S4> [that is] <R3> the <Z3> <C3> <M3> <S3> [that is] <R2> the <Z2> <C2> <M2> <S2> [that is] <R> the <Z> <C> <M> <S> is what color?", "There is a <Z4> <C4> <M4> <S4> [that is] <R3> the <Z3> <C3> <M3> <S3> [that is] <R2> the <Z2> <C2> <M2> <S2> [that is] <R> the <Z> <C> <M> <S>; what color is it?", "There is a <Z4> <C4> <M4> <S4> [that is] <R3> the <Z3> <C3> <M3> <S3> [that is] <R2> the <Z2> <C2> <M2> <S2> [that is] <R> the <Z> <C> <M> <S>; what is its color?"], "nodes": [{"inputs": [], "type": "scene"}, {"side_inputs": ["<Z>", "<C>", "<M>", "<S>"], "inputs": [0], "type": "filter_unique"}, {"side_inputs": ["<R>", "<Z2>", "<C2>", "<M2>", "<S2>"], "inputs": [1], "type": "relate_filter_unique"}, {"side_inputs": ["<R2>", "<Z3>", "<C3>", "<M3>", "<S3>"], "inputs": [2], "type": "relate_filter_unique"}, {"side_inputs": ["<R3>", "<Z4>", "<C4>", "<M4>", "<S4>"], "inputs": [3], "type": "relate_filter_unique"}, {"inputs": [4], "type": "query_color"}], "params": [{"type": "Size", "name": "<Z>"}, {"type": "Color", "name": "<C>"}, {"type": "Material", "name": "<M>"}, {"type": "Shape", "name": "<S>"}, {"type": "Relation", "name": "<R>"}, {"type": "Size", "name": "<Z2>"}, {"type": "Color", "name": "<C2>"}, {"type": "Material", "name": "<M2>"}, {"type": "Shape", "name": "<S2>"}, {"type": "Relation", "name": "<R2>"}, {"type": "Size", "name": "<Z3>"}, {"type": "Color", "name": "<C3>"}, {"type": "Material", "name": "<M3>"}, {"type": "Shape", "name": "<S3>"}, {"type": "Relation", "name": "<R3>"}, {"type": "Size", "name": "<Z4>"}, {"type": "Color", "name": "<C4>"}, {"type": "Material", "name": "<M4>"}, {"type": "Shape", "name": "<S4>"}], "constraints": [{"params": ["<C4>"], "type": "NULL"}]}, {"text": ["What material is the <Z4> <C4> <M4> <S4> [that is] <R3> the <Z3> <C3> <M3> <S3> [that is] <R2> the <Z2> <C2> <M2> <S2> [that is] <R> the <Z> <C> <M> <S>?", "What is the material of the <Z4> <C4> <M4> <S4> [that is] <R3> the <Z3> <C3> <M3> <S3> [that is] <R2> the <Z2> <C2> <M2> <S2> [that is] <R> the <Z> <C> <M> <S>?", "The <Z4> <C4> <M4> <S4> [that is] <R3> the <Z3> <C3> <M3> <S3> [that is] <R2> the <Z2> <C2> <M2> <S2> [that is] <R> the <Z> <C> <M> <S> is made of what material?", "There is a <Z4> <C4> <M4> <S4> [that is] <R3> the <Z3> <C3> <M3> <S3> [that is] <R2> the <Z2> <C2> <M2> <S2> [that is] <R> the <Z> <C> <M> <S>; what is its material?", "There is a <Z4> <C4> <M4> <S4> [that is] <R3> the <Z3> <C3> <M3> <S3> [that is] <R2> the <Z2> <C2> <M2> <S2> [that is] <R> the <Z> <C> <M> <S>; what is it made of?", "What [material] is the <Z4> <C4> <M4> <S4> [that is] <R3> the <Z3> <C3> <M3> <S3> [that is] <R2> the <Z2> <C2> <M2> <S2> [that is] <R> the <Z> <C> <M> <S> made of?"], "nodes": [{"inputs": [], "type": "scene"}, {"side_inputs": ["<Z>", "<C>", "<M>", "<S>"], "inputs": [0], "type": "filter_unique"}, {"side_inputs": ["<R>", "<Z2>", "<C2>", "<M2>", "<S2>"], "inputs": [1], "type": "relate_filter_unique"}, {"side_inputs": ["<R2>", "<Z3>", "<C3>", "<M3>", "<S3>"], "inputs": [2], "type": "relate_filter_unique"}, {"side_inputs": ["<R3>", "<Z4>", "<C4>", "<M4>", "<S4>"], "inputs": [3], "type": "relate_filter_unique"}, {"inputs": [4], "type": "query_material"}], "params": [{"type": "Size", "name": "<Z>"}, {"type": "Color", "name": "<C>"}, {"type": "Material", "name": "<M>"}, {"type": "Shape", "name": "<S>"}, {"type": "Relation", "name": "<R>"}, {"type": "Size", "name": "<Z2>"}, {"type": "Color", "name": "<C2>"}, {"type": "Material", "name": "<M2>"}, {"type": "Shape", "name": "<S2>"}, {"type": "Relation", "name": "<R2>"}, {"type": "Size", "name": "<Z3>"}, {"type": "Color", "name": "<C3>"}, {"type": "Material", "name": "<M3>"}, {"type": "Shape", "name": "<S3>"}, {"type": "Relation", "name": "<R3>"}, {"type": "Size", "name": "<Z4>"}, {"type": "Color", "name": "<C4>"}, {"type": "Material", "name": "<M4>"}, {"type": "Shape", "name": "<S4>"}], "constraints": [{"params": ["<M4>"], "type": "NULL"}]}]