[{"text": ["How many <Z> <C> <M> <S>s are there?", "What number of <Z> <C> <M> <S>s are there?"], "nodes": [{"inputs": [], "type": "scene"}, {"side_inputs": ["<Z>", "<C>", "<M>", "<S>"], "inputs": [0], "type": "filter_count"}], "params": [{"type": "Size", "name": "<Z>"}, {"type": "Color", "name": "<C>"}, {"type": "Material", "name": "<M>"}, {"type": "Shape", "name": "<S>"}], "constraints": []}, {"text": ["Are there any <Z> <C> <M> <S>s?", "Are any <Z> <C> <M> <S>s visible?", "Is there a <Z> <C> <M> <S>?"], "nodes": [{"inputs": [], "type": "scene"}, {"side_inputs": ["<Z>", "<C>", "<M>", "<S>"], "inputs": [0], "type": "filter_exist"}], "params": [{"type": "Size", "name": "<Z>"}, {"type": "Color", "name": "<C>"}, {"type": "Material", "name": "<M>"}, {"type": "Shape", "name": "<S>"}], "constraints": []}, {"text": ["What shape is the <Z> <C> <M> <S>?", "What is the shape of the <Z> <C> <M> <S>?", "The <Z> <C> <M> <S> has what shape?", "What is the shape of the <Z> <C> <M> <S>?", "There is a <Z> <C> <M> <S>; what shape is it?", "The <Z> <C> <M> <S> is what shape?"], "nodes": [{"inputs": [], "type": "scene"}, {"side_inputs": ["<Z>", "<C>", "<M>", "<S>"], "inputs": [0], "type": "filter_unique"}, {"inputs": [1], "type": "query_shape"}], "params": [{"type": "Size", "name": "<Z>"}, {"type": "Color", "name": "<C>"}, {"type": "Material", "name": "<M>"}, {"type": "Shape", "name": "<S>"}], "constraints": [{"params": ["<S>"], "type": "NULL"}]}, {"text": ["What material is the <Z> <C> <M> <S>?", "What is the material of the <Z> <C> <M> <S>?", "What is the <Z> <C> <M> <S> made of?"], "nodes": [{"inputs": [], "type": "scene"}, {"side_inputs": ["<Z>", "<C>", "<M>", "<S>"], "inputs": [0], "type": "filter_unique"}, {"inputs": [1], "type": "query_material"}], "params": [{"type": "Size", "name": "<Z>"}, {"type": "Color", "name": "<C>"}, {"type": "Material", "name": "<M>"}, {"type": "Shape", "name": "<S>"}], "constraints": [{"params": ["<M>"], "type": "NULL"}]}, {"text": ["What color is the <Z> <C> <M> <S>?", "What is the color of the <Z> <C> <M> <S>?", "The <Z> <C> <M> <S> has what color?", "The <Z> <C> <M> <S> is what color?"], "nodes": [{"inputs": [], "type": "scene"}, {"side_inputs": ["<Z>", "<C>", "<M>", "<S>"], "inputs": [0], "type": "filter_unique"}, {"inputs": [1], "type": "query_color"}], "params": [{"type": "Size", "name": "<Z>"}, {"type": "Color", "name": "<C>"}, {"type": "Material", "name": "<M>"}, {"type": "Shape", "name": "<S>"}], "constraints": [{"params": ["<C>"], "type": "NULL"}]}, {"text": ["What size is the <Z> <C> <M> <S>?", "What is the size of the <Z> <C> <M> <S>?", "The <Z> <C> <M> <S> has what size?", "The <Z> <C> <M> <S> is what size?", "How big is the <Z> <C> <M> <S>?"], "nodes": [{"inputs": [], "type": "scene"}, {"side_inputs": ["<Z>", "<C>", "<M>", "<S>"], "inputs": [0], "type": "filter_unique"}, {"inputs": [1], "type": "query_size"}], "params": [{"type": "Size", "name": "<Z>"}, {"type": "Color", "name": "<C>"}, {"type": "Material", "name": "<M>"}, {"type": "Shape", "name": "<S>"}], "constraints": [{"params": ["<Z>"], "type": "NULL"}]}]